instance, k, h, cost, gt, optimal, time
10, 1, 0.4, 1031, 1025, 0, 0.559092
10, 1, 0.6, 867, 841, 1, 0.19598
10, 6, 0.4, 922, 908, 1, 0.159979
10, 6, 0.6, 775, 755, 1, 0.170946
20, 1, 0.4, 3071, 3066, 0, 0.475168
20, 1, 0.6, 3077, 2986, 0, 0.440836
20, 6, 0.4, 3931, 3601, 0, 0.461102
20, 6, 0.6, 3415, 3016, 0, 0.302076
50, 1, 0.4, 25322, 24868, 0, 0.328779
50, 1, 0.6, 19266, 17990, 0, 0.403881
50, 6, 0.4, 24141, 21497, 0, 0.462055
50, 6, 0.6, 15695, 14251, 0, 0.468016
100, 1, 0.4, 94566, 89588, 0, 0.957012
100, 1, 0.6, 74634, 72019, 0, 0.82922
100, 6, 0.4, 91332, 86724, 0, 0.769138
100, 6, 0.6, 67316, 62519, 0, 0.898838
200, 1, 0.4, 325905, 301449, 0, 1.867056
200, 1, 0.6, 264719, 254268, 0, 1.592875
200, 6, 0.4, 313989, 292453, 0, 1.875877
200, 6, 0.6, 249477, 236160, 0, 4.188061
500, 1, 0.4, 2016667, 1839902, 0, 3.829002
500, 1, 0.6, 1663678, 1581233, 0, 2.339125
500, 6, 0.4, 1807575, 1658411, 0, 2.537012
500, 6, 0.6, 1472815, 1413345, 0, 3.574133
1000, 1, 0.4, 9284600, 8570154, 0, 5.822897
1000, 1, 0.6, 6839076, 6411581, 0, 3.789902
1000, 6, 0.4, 7920737, 7144491, 0, 6.275177
1000, 6, 0.6, 6374133, 6082142, 0, 4.97508
